id;first_name;last_name;email;phone_number;team
1;Lola;Rodriguez;Lily.Kihn75@yahoo.com;repurpose modular;Concrete system
2;Carey;O'Connell;Johnathon.Hamill@gmail.com;withdrawal;Handmade silver
3;Rogers;Bode;Dora12@gmail.com;Underpass;alarm Money Market Account backing up
4;Everette;Kunze;Jaron78@yahoo.com;Car Global;Germany National Albania
5;Bryana;Littel;Unique49@hotmail.com;Wooden value-added;pink
6;Marcelina;Williamson;Myrtice.OHara@gmail.com;time-frame Accounts;Concrete Soap
7;Karli;Wilkinson;Monty17@gmail.com;rich Norfolk Island Kiribati;Group
8;Bradley;Grant;Ashtyn_Legros@gmail.com;Illinois Ergonomic Steel Bike Peso Uruguayo Uruguay Peso en Unidades Indexadas;initiatives bluetooth Officer
9;Daisy;Fisher;Hope.Turcotte74@gmail.com;Concrete;1080p
10;Aliza;Kuhn;Hipolito.Russel@gmail.com;Checking Account Unbranded Plastic Computer;24/7
